filename,width,height,class,xmin,ymin,xmax,ymax
in_0087.jpg,700,436,inbankLogo,402,110,426,133
in_0087.jpg,700,436,inbankText,335,126,405,145
in_0094.jpg,550,678,inbankText,220,112,292,205
airline_0012.jpg,650,382,airlineLogo,195,118,245,146
airline_0012.jpg,650,382,airlineText,236,120,409,165
com_0108.jpg,710,400,combankLogo,371,2,481,134
com_0108.jpg,710,400,combankText,7,56,377,147
com_0094.jpg,600,375,combankText,394,97,515,158
com_0094.jpg,600,375,combankText,80,1,314,94
com_0094.jpg,600,375,combankLogo,308,39,355,100
com_0094.jpg,600,375,combankLogo,511,118,540,162
airline_0078.jpg,1006,806,airlineText,700,294,821,425
airline_0078.jpg,1006,806,airlineLogo,664,267,705,308
com_0092.jpg,700,456,combankText,188,319,548,355
com_0038.jpg,520,212,combankLogo,164,40,216,93
com_0038.jpg,520,212,combankText,14,88,241,120
airline_0040.jpg,1000,712,airlineLogo,474,42,568,140
airline_0040.jpg,1000,712,airlineText,311,60,501,152
airline_0090.jpg,1298,345,airlineLogo,747,49,812,95
airline_0090.jpg,1298,345,airlineText,815,55,1100,99
airline_0083.jpg,800,536,airlineText,467,226,565,241
in_0064.jpg,750,494,inbankLogo,425,121,538,283
in_0064.jpg,750,494,inbankText,107,244,430,458
com_0012.jpg,450,337,combankLogo,233,48,283,107
com_0012.jpg,450,337,combankText,70,73,235,116
airline_0004.jpg,1024,713,airlineText,312,305,488,343
airline_0004.jpg,1024,713,airlineLogo,275,304,315,328
airline_0032.jpg,600,376,airlineLogo,181,68,239,95
airline_0032.jpg,600,376,airlineText,239,58,554,93
airline_0006.jpg,1280,720,airlineText,812,175,997,281
airline_0006.jpg,1280,720,airlineLogo,991,159,1035,195
com_0005.png,600,600,combankText,1,101,435,263
com_0005.png,600,600,combankLogo,428,1,598,183
com_0005.png,600,600,combankText,513,222,600,264
in_0109.jpg,500,330,inbankLogo,97,97,121,122
in_0109.jpg,500,330,inbankText,1,109,99,127
com_0090.jpg,600,346,combankLogo,158,12,178,31
com_0090.jpg,600,346,combankText,111,30,186,44
com_0090.jpg,600,346,combankLogo,353,202,367,218
com_0086.jpg,400,278,combankText,147,50,261,67
in_0149.png,250,125,inbankText,1,57,203,97
in_0149.png,250,125,inbankLogo,201,25,250,79
com_0148.png,650,370,combankText,59,33,302,78
com_0148.png,650,370,combankLogo,299,13,360,69
airline_0045.jpg,450,300,airlineText,103,79,222,110
airline_0045.jpg,450,300,airlineLogo,217,71,256,103
in_0116.jpg,650,458,inbankText,492,19,608,46
in_0116.jpg,650,458,inbankLogo,606,3,634,35
in_0014.png,770,400,inbankText,396,89,630,137
com_0014.jpg,600,375,combankLogo,503,204,541,227
com_0014.jpg,600,375,combankLogo,464,150,499,171
com_0014.jpg,600,375,combankText,352,217,511,236
com_0014.jpg,600,375,combankText,326,160,473,186
in_0150.jpg,660,410,inbankLogo,248,62,293,122
in_0150.jpg,660,410,inbankText,1,62,254,134
in_0044.png,1000,700,inbankText,24,169,793,310
in_0044.png,1000,700,inbankLogo,781,60,981,252
com_0024.jpg,650,424,combankText,13,72,163,109
com_0024.jpg,650,424,combankLogo,117,44,154,85
com_0109.jpg,600,370,combankText,102,66,347,127
com_0109.jpg,600,370,combankLogo,339,24,423,117
airline_0067.jpg,500,300,airlineLogo,16,152,102,228
airline_0067.jpg,500,300,airlineLogo,13,13,94,84
airline_0067.jpg,500,300,airlineText,94,33,423,91
airline_0067.jpg,500,300,airlineText,101,174,423,237
com_0017.jpg,500,312,combankText,16,240,150,269
com_0017.jpg,500,312,combankText,375,240,497,264
in_0019.jpg,700,355,inbankText,260,67,390,95
in_0019.jpg,700,355,inbankLogo,384,43,422,79
in_0141.jpg,400,400,inbankText,179,175,304,203
in_0141.jpg,400,400,inbankLogo,301,155,334,188
airline_0087.jpg,600,375,airlineText,281,165,362,193
airline_0087.jpg,600,375,airlineLogo,361,160,386,176
airline_0140.jpg,600,404,airlineText,38,63,178,123
com_0140.jpg,653,453,combankText,380,56,554,103
in_0038.jpg,720,378,inbankText,412,137,525,167
in_0038.jpg,720,378,inbankLogo,522,110,559,148
com_0056.jpg,1455,725,combankText,27,491,1426,685
com_0036.jpg,700,456,combankText,104,88,652,213
in_0129.jpg,200,200,inbankText,31,55,109,84
in_0129.jpg,200,200,inbankLogo,108,37,131,61
airline_0028.jpg,2997,1686,airlineLogo,383,609,728,883
airline_0028.jpg,2997,1686,airlineLogo,2358,747,2469,800
airline_0028.jpg,2997,1686,airlineText,1856,756,2358,830
com_0096.png,506,322,combankText,249,42,439,78
com_0096.png,506,322,combankLogo,438,24,484,70
com_0141.jpg,490,327,combankText,63,1,233,89
in_0142.jpg,1010,616,inbankLogo,373,134,394,158
in_0142.jpg,1010,616,inbankText,296,138,375,167
in_0142.jpg,1010,616,inbankText,510,149,589,175
in_0020.jpg,480,360,inbankText,55,159,345,212
in_0020.jpg,480,360,inbankLogo,344,114,427,188
in_0009.jpg,650,406,inbankText,168,141,350,188
in_0009.jpg,650,406,inbankLogo,342,121,392,172
in_0091.jpg,600,400,inbankText,276,1,506,51
in_0091.jpg,600,400,inbankText,60,186,102,198
in_0091.jpg,600,400,inbankLogo,101,175,115,194
in_0134.jpg,394,263,inbankLogo,300,66,363,135
in_0134.jpg,394,263,inbankText,1,42,312,159
com_0120.jpg,500,375,combankText,340,150,405,162
com_0120.jpg,500,375,combankLogo,210,239,253,258
com_0105.jpg,702,336,combankText,524,50,686,78
com_0105.jpg,702,336,combankLogo,627,17,672,58
airline_0034.png,620,400,airlineLogo,24,22,57,44
airline_0034.png,620,400,airlineText,55,26,173,44
airline_0034.png,620,400,airlineText,320,81,374,119
airline_0128.jpg,690,302,airlineLogo,428,129,460,159
airline_0128.jpg,690,302,airlineLogo,243,157,264,176
airline_0128.jpg,690,302,airlineText,266,159,357,177
airline_0128.jpg,690,302,airlineText,114,163,193,179
airline_0128.jpg,690,302,airlineLogo,96,162,112,178
airline_0105.jpg,600,389,airlineLogo,361,167,415,192
airline_0105.jpg,600,389,airlineText,322,197,445,216
airline_0127.jpg,600,312,airlineText,105,57,206,71
airline_0127.jpg,600,312,airlineText,109,96,217,114
airline_0127.jpg,600,312,airlineText,443,28,540,46
airline_0127.jpg,600,312,airlineLogo,80,54,104,78
airline_0127.jpg,600,312,airlineLogo,418,31,444,49
com_0002.jpg,700,438,combankLogo,141,1,499,343
com_0002.jpg,700,438,combankText,119,379,603,438
in_0088.jpg,480,288,inbankText,342,30,407,51
in_0088.jpg,480,288,inbankLogo,404,25,422,43
airline_0071.png,600,315,airlineText,233,16,364,55
airline_0019.jpg,500,316,airlineLogo,384,126,411,143
airline_0019.jpg,500,316,airlineText,274,127,385,142
airline_0106.jpg,480,320,airlineText,1,157,63,178
airline_0106.jpg,480,320,airlineLogo,1,120,41,153
in_0101.jpg,500,400,inbankText,158,92,345,129
in_0101.jpg,500,400,inbankLogo,342,67,390,112
com_0033.jpg,480,250,combankLogo,279,37,444,186
com_0033.jpg,480,250,combankText,273,183,480,212
in_0068.jpg,700,461,inbankLogo,509,77,551,114
in_0068.jpg,700,461,inbankText,403,104,514,133
in_0090.jpg,750,555,inbankLogo,668,1,717,33
in_0090.jpg,750,555,inbankText,467,13,666,120
com_0082.jpg,653,490,combankText,337,164,435,184
com_0082.jpg,653,490,combankLogo,435,156,462,184
airline_0056.jpg,500,337,airlineLogo,8,49,63,72
airline_0056.jpg,500,337,airlineText,67,44,367,67
in_0054.jpg,800,600,inbankText,62,299,137,336
in_0054.jpg,800,600,inbankText,222,251,344,302
in_0054.jpg,800,600,inbankText,475,162,717,247
in_0054.jpg,800,600,inbankLogo,134,273,167,311
in_0054.jpg,800,600,inbankLogo,338,217,379,263
in_0054.jpg,800,600,inbankLogo,707,103,784,174
airline_0052.jpg,600,340,airlineText,258,173,346,259
airline_0052.jpg,600,340,airlineLogo,179,139,208,159
airline_0052.jpg,600,340,airlineLogo,239,160,261,184
in_0140.jpg,800,241,inbankLogo,331,34,361,65
in_0140.jpg,800,241,inbankText,224,49,333,77
com_0135.jpg,1397,978,combankText,571,40,819,90
com_0135.jpg,1397,978,combankText,196,201,733,287
com_0135.jpg,1397,978,combankLogo,731,1,790,48
in_0095.jpg,3537,2780,inbankText,2759,1011,3157,1214
in_0095.jpg,3537,2780,inbankText,127,225,616,390
in_0065.jpg,600,398,inbankText,437,194,519,220
in_0065.jpg,600,398,inbankLogo,515,178,539,201
airline_0093.jpg,1000,562,airlineText,701,270,837,304
airline_0093.jpg,1000,562,airlineLogo,198,151,326,284
airline_0093.jpg,1000,562,airlineLogo,839,277,869,300
in_0123.jpg,3072,2304,inbankText,1708,159,2156,481
in_0123.jpg,3072,2304,inbankLogo,2149,249,2271,431
in_0135.jpg,500,358,inbankText,165,31,345,66
in_0135.jpg,500,358,inbankLogo,341,6,387,48
com_0063.jpg,1100,407,combankLogo,701,205,728,236
airline_0139.jpg,640,480,airlineLogo,224,181,416,300
airline_0047.jpg,500,333,airlineText,90,119,188,136
airline_0047.jpg,500,333,airlineLogo,348,61,391,109
in_0017.jpg,660,396,inbankText,107,83,285,133
in_0017.jpg,660,396,inbankLogo,280,77,320,119
com_0137.jpg,665,449,combankText,248,82,419,118
com_0137.jpg,665,449,combankText,69,131,170,153
com_0137.jpg,665,449,combankText,243,210,346,237
com_0137.jpg,665,449,combankLogo,136,112,162,137
in_0126.jpg,400,400,inbankText,41,16,229,86
in_0111.jpg,700,387,inbankLogo,468,225,515,293
in_0077.jpg,500,312,inbankText,3,150,81,169
in_0077.jpg,500,312,inbankLogo,79,145,96,165
com_0055.jpg,500,284,combankText,4,29,97,48
in_0147.jpg,570,321,inbankText,72,40,305,86
in_0147.jpg,570,321,inbankLogo,303,12,354,67
airline_0020.jpg,620,323,airlineText,422,164,473,180
airline_0020.jpg,620,323,airlineLogo,406,162,424,183
airline_0020.jpg,620,323,airlineText,114,42,235,63
airline_0020.jpg,620,323,airlineLogo,82,38,115,61
com_0087.jpg,660,339,combankText,235,29,359,49
com_0087.jpg,660,339,combankLogo,314,4,347,34
airline_0026.jpg,1026,401,airlineLogo,436,61,585,154
airline_0026.jpg,1026,401,airlineLogo,102,277,150,303
airline_0026.jpg,1026,401,airlineLogo,846,180,971,262
airline_0026.jpg,1026,401,airlineLogo,352,357,382,379
airline_0026.jpg,1026,401,airlineLogo,464,346,496,365
airline_0026.jpg,1026,401,airlineText,148,276,376,306
airline_0026.jpg,1026,401,airlineText,337,159,682,203
airline_0065.jpg,700,456,airlineText,448,99,622,151
airline_0065.jpg,700,456,airlineLogo,401,87,457,121
airline_0149.jpg,600,400,airlineText,106,56,207,79
airline_0149.jpg,600,400,airlineText,443,29,540,53
airline_0149.jpg,600,400,airlineLogo,81,56,106,80
airline_0149.jpg,600,400,airlineLogo,419,33,443,51
airline_0149.jpg,600,400,airlineText,111,98,219,118
airline_0122.jpg,500,356,airlineLogo,2,100,115,174
airline_0122.jpg,500,356,airlineLogo,15,203,106,262
airline_0122.jpg,500,356,airlineLogo,14,287,102,346
airline_0122.jpg,500,356,airlineText,144,117,430,160
airline_0122.jpg,500,356,airlineText,147,202,436,243
airline_0122.jpg,500,356,airlineText,125,298,466,339
airline_0122.jpg,500,356,airlineText,148,34,430,54
airline_0002.png,650,488,airlineLogo,487,249,518,276
airline_0002.png,650,488,airlineText,356,256,486,304
in_0041.jpg,3000,4000,inbankLogo,1868,800,2044,976
in_0041.jpg,3000,4000,inbankText,980,652,1852,1036
airline_0088.jpg,1024,576,airlineLogo,153,285,242,389
airline_0088.jpg,1024,576,airlineLogo,262,252,318,300
airline_0088.jpg,1024,576,airlineLogo,683,250,736,297
airline_0088.jpg,1024,576,airlineLogo,953,255,1007,297
airline_0088.jpg,1024,576,airlineText,524,366,639,394
airline_0088.jpg,1024,576,airlineText,507,301,589,319
airline_0066.jpg,1280,720,airlineLogo,870,345,1070,513
in_0082.jpg,500,332,inbankLogo,414,18,438,41
in_0082.jpg,500,332,inbankText,335,28,417,51
in_0082.jpg,500,332,inbankText,127,96,228,117
in_0082.jpg,500,332,inbankText,130,141,209,156
in_0032.jpg,600,384,inbankText,186,75,273,101
in_0032.jpg,600,384,inbankLogo,270,67,292,91
in_0024.jpg,700,410,inbankLogo,508,6,537,37
in_0024.jpg,700,410,inbankText,412,22,511,52
in_0114.jpg,1100,622,inbankText,566,248,647,301
in_0114.jpg,1100,622,inbankLogo,648,270,669,303
com_0124.png,833,526,combankText,589,40,764,78
com_0124.png,833,526,combankLogo,762,26,808,74
com_0113.jpg,650,366,combankText,237,39,369,69
com_0113.jpg,650,366,combankLogo,370,31,410,65
com_0077.jpg,640,350,combankText,10,23,110,42
com_0077.jpg,640,350,combankLogo,75,2,104,28
in_0110.jpg,629,419,inbankText,383,125,499,154
in_0110.jpg,629,419,inbankLogo,497,100,531,136
com_0059.jpg,650,405,combankText,326,205,484,231
com_0059.jpg,650,405,combankText,2,134,87,148
com_0059.jpg,650,405,combankLogo,59,121,80,137
airline_0089.png,620,434,airlineText,184,177,295,218
airline_0089.png,620,434,airlineLogo,160,205,189,226
airline_0058.jpg,638,359,airlineLogo,276,106,329,138
airline_0058.jpg,638,359,airlineText,172,179,391,199
airline_0058.jpg,638,359,airlineText,241,140,362,161
in_0081.jpg,750,500,inbankText,55,137,170,184
in_0081.jpg,750,500,inbankLogo,166,131,195,171
airline_0048.jpg,320,198,airlineLogo,106,1,266,68
com_0076.jpg,300,187,combankLogo,96,12,116,34
com_0076.jpg,300,187,combankText,12,19,96,37
in_0061.jpg,1009,631,inbankText,535,78,882,148
in_0061.jpg,1009,631,inbankLogo,873,31,967,119
com_0020.jpg,1024,576,combankText,599,101,701,256
com_0020.jpg,1024,576,combankText,502,78,569,245
com_0020.jpg,1024,576,combankText,345,139,405,314
com_0020.jpg,1024,576,combankLogo,318,101,361,147
com_0020.jpg,1024,576,combankLogo,528,31,573,76
com_0020.jpg,1024,576,combankLogo,668,57,713,99
com_0150.jpg,500,375,combankText,212,177,399,212
com_0150.jpg,500,375,combankLogo,335,139,380,184
in_0139.jpg,760,524,inbankText,461,191,725,231
in_0139.jpg,760,524,inbankText,525,466,682,508
in_0139.jpg,760,524,inbankLogo,679,444,725,488
com_0023.jpg,670,350,combankText,325,48,470,91
in_0122.jpg,1024,680,inbankLogo,589,117,639,161
in_0122.jpg,1024,680,inbankText,407,144,591,183
airline_0098.jpg,640,428,airlineText,184,161,275,194
airline_0098.jpg,640,428,airlineLogo,157,156,177,171
in_0005.jpg,538,142,inbankText,9,48,194,93
in_0005.jpg,538,142,inbankText,293,57,469,95
in_0005.jpg,538,142,inbankLogo,191,24,241,73
in_0005.jpg,538,142,inbankLogo,464,33,513,82
airline_0035.jpg,800,533,airlineText,151,210,251,256
airline_0035.jpg,800,533,airlineLogo,128,209,150,228
airline_0035.jpg,800,533,airlineLogo,555,205,656,311
in_0117.jpg,490,307,inbankText,41,234,375,307
in_0117.jpg,490,307,inbankLogo,354,200,437,280
in_0117.jpg,490,307,inbankLogo,270,58,289,74
com_0123.png,506,319,combankLogo,455,32,482,59
com_0123.png,506,319,combankText,350,40,457,64
in_0022.jpg,455,187,inbankText,149,61,204,76
airline_0096.jpg,889,500,airlineText,228,287,329,306
airline_0096.jpg,889,500,airlineLogo,203,290,226,309
in_0042.jpg,450,600,inbankText,125,286,211,315
in_0042.jpg,450,600,inbankLogo,209,265,233,295
com_0047.jpg,500,265,combankText,39,86,112,113
com_0047.jpg,500,265,combankText,331,117,418,136
com_0047.jpg,500,265,combankText,185,131,242,146
com_0047.jpg,500,265,combankLogo,240,123,256,142
com_0047.jpg,500,265,combankLogo,415,108,441,132
com_0047.jpg,500,265,combankLogo,90,81,109,101
in_0118.jpg,300,248,inbankLogo,192,1,214,17
in_0118.jpg,300,248,inbankLogo,210,116,226,133
in_0118.jpg,300,248,inbankText,151,124,210,139
in_0118.jpg,300,248,inbankText,102,5,192,25
in_0107.jpg,500,383,inbankLogo,170,3,203,28
in_0107.jpg,500,383,inbankText,60,19,173,55
in_0086.jpg,600,331,inbankText,444,19,530,44
in_0086.jpg,600,331,inbankLogo,527,1,561,32
in_0057.jpg,400,300,inbankLogo,219,74,233,87
in_0113.jpg,480,441,inbankText,182,61,343,93
in_0113.jpg,480,441,inbankText,223,273,298,292
in_0113.jpg,480,441,inbankLogo,340,30,383,71
in_0113.jpg,480,441,inbankLogo,298,263,320,287
com_0106.png,600,487,combankText,63,15,194,46
com_0144.jpg,960,720,combankText,237,240,336,272
com_0144.jpg,960,720,combankText,415,296,467,312
com_0144.jpg,960,720,combankText,553,280,637,302
com_0144.jpg,960,720,combankText,776,248,922,282
com_0144.jpg,960,720,combankLogo,919,228,960,270
com_0144.jpg,960,720,combankLogo,636,267,659,294
airline_0003.jpg,800,500,airlineText,455,162,605,210
airline_0003.jpg,800,500,airlineLogo,603,152,639,176
com_0084.jpg,450,250,combankText,70,113,152,131
com_0084.jpg,450,250,combankText,114,27,198,45
com_0084.jpg,450,250,combankLogo,151,105,172,126
com_0084.jpg,450,250,combankLogo,197,20,220,40
com_0034.jpg,630,630,combankLogo,78,80,566,557
in_0106.jpg,4032,3024,inbankText,3054,988,3645,1129
in_0106.jpg,4032,3024,inbankLogo,3624,891,3807,1053
com_0121.jpg,600,338,combankLogo,41,11,73,47
com_0121.jpg,600,338,combankLogo,277,113,310,153
com_0121.jpg,600,338,combankLogo,300,50,317,76
com_0121.jpg,600,338,combankText,161,127,279,160
com_0121.jpg,600,338,combankText,233,49,300,77
com_0121.jpg,600,338,combankText,392,72,430,93
com_0007.jpg,348,215,combankLogo,289,29,317,56
com_0007.jpg,348,215,combankText,170,39,290,58
in_0006.jpg,700,456,inbankLogo,246,51,290,96
in_0006.jpg,700,456,inbankText,86,56,249,109
in_0051.jpg,500,346,inbankLogo,134,59,160,87
in_0051.jpg,500,346,inbankText,18,65,137,97
in_0079.jpg,700,537,inbankText,302,79,549,127
in_0079.jpg,700,537,inbankLogo,546,43,609,106
com_0075.jpg,1939,429,combankText,1250,47,1520,102
com_0075.jpg,1939,429,combankText,28,62,183,96
com_0075.jpg,1939,429,combankLogo,126,26,169,66
airline_0039.png,407,244,airlineText,26,148,366,193
airline_0039.png,407,244,airlineLogo,124,52,266,141
com_0079.png,900,900,combankText,515,765,880,853
com_0006.jpg,1242,790,combankText,37,131,806,365
com_0006.jpg,1242,790,combankText,899,304,1028,343
com_0006.jpg,1242,790,combankLogo,788,1,1039,230
com_0006.jpg,1242,790,combankLogo,1024,291,1058,323
in_0072.jpg,500,263,inbankText,235,12,367,58
in_0148.jpg,400,400,inbankText,178,1,344,26
in_0003.png,400,300,inbankText,6,190,400,270
in_0003.png,400,300,inbankLogo,114,6,301,187
in_0132.jpg,700,447,inbankText,248,16,446,50
com_0118.jpg,540,425,combankText,237,223,426,249
com_0018.jpg,576,345,combankText,1,93,146,138
com_0018.jpg,576,345,combankLogo,95,54,131,97
airline_0014.jpg,660,304,airlineLogo,104,100,164,149
airline_0014.jpg,660,304,airlineLogo,335,137,378,173
airline_0014.jpg,660,304,airlineLogo,487,168,513,190
airline_0014.jpg,660,304,airlineLogo,612,169,644,193
in_0023.jpg,640,370,inbankText,45,80,204,123
in_0023.jpg,640,370,inbankLogo,202,64,232,100
com_0103.jpg,660,370,combankLogo,499,85,530,108
com_0015.png,2880,1528,combankText,709,128,1046,202
com_0015.png,2880,1528,combankText,258,604,642,679
com_0015.png,2880,1528,combankText,1583,720,1789,939
com_0015.png,2880,1528,combankLogo,932,59,1017,141
com_0015.png,2880,1528,combankLogo,1787,890,1854,967
com_0074.jpg,236,392,combankLogo,27,19,55,43
com_0074.jpg,236,392,combankText,56,24,129,40
in_0131.jpg,690,392,inbankText,211,28,370,64
in_0131.jpg,690,392,inbankLogo,367,5,410,46
airline_0092.jpg,1280,720,airlineText,5,110,382,270
in_0027.jpg,480,320,inbankLogo,362,40,431,113
in_0027.jpg,480,320,inbankText,126,83,374,142
com_0027.jpg,650,466,combankText,175,109,469,159
com_0027.jpg,650,466,combankLogo,285,52,343,107
airline_0050.jpg,1280,720,airlineLogo,247,347,445,495
com_0054.jpg,500,375,combankText,1,127,115,156
com_0054.jpg,500,375,combankLogo,80,95,105,128
airline_0148.jpg,800,600,airlineText,360,268,449,335
airline_0046.jpg,640,426,airlineLogo,151,165,225,239
airline_0046.jpg,640,426,airlineText,365,76,422,117
com_0073.jpg,500,333,combankLogo,239,108,267,135
com_0057.jpg,710,400,combankText,13,140,504,212
in_0127.jpg,997,743,inbankText,398,153,769,245
in_0127.jpg,997,743,inbankLogo,768,89,872,189
com_0115.png,660,330,combankLogo,604,266,628,291
com_0115.png,660,330,combankText,384,101,641,139
com_0115.png,660,330,combankText,537,289,637,307
airline_0099.jpg,550,412,airlineLogo,19,179,81,223
airline_0099.jpg,550,412,airlineText,389,225,453,233
com_0064.jpg,600,429,combankLogo,333,122,355,149
com_0064.jpg,600,429,combankText,299,149,358,165
com_0046.jpg,500,265,combankLogo,461,48,499,91
com_0046.jpg,500,265,combankText,346,68,465,95
airline_0138.jpg,585,439,airlineLogo,246,162,292,193
airline_0138.jpg,585,439,airlineText,292,166,491,188
airline_0138.jpg,585,439,airlineLogo,238,226,258,245
com_0117.png,1600,838,combankText,489,259,1113,357
in_0059.jpg,614,409,inbankText,229,23,401,56
in_0059.jpg,614,409,inbankText,284,250,365,270
in_0059.jpg,614,409,inbankLogo,364,240,386,265
in_0059.jpg,614,409,inbankLogo,397,1,444,40
airline_0119.jpg,1077,885,airlineText,757,96,852,113
airline_0119.jpg,1077,885,airlineLogo,784,71,826,95
airline_0119.jpg,1077,885,airlineText,780,285,1036,324
com_0145.png,820,429,combankText,204,181,447,238
com_0145.png,820,429,combankText,323,308,497,337
com_0145.png,820,429,combankLogo,435,269,478,312
com_0069.jpg,400,227,combankLogo,329,23,357,48
com_0069.jpg,400,227,combankText,266,44,366,62
com_0142.jpg,660,413,combankText,307,83,468,118
com_0142.jpg,660,413,combankLogo,468,74,506,112
airline_0073.jpg,700,394,airlineLogo,279,89,370,150
airline_0073.jpg,700,394,airlineText,120,146,532,206
com_0021.jpg,659,371,combankLogo,141,8,194,58
com_0021.jpg,659,371,combankLogo,69,205,94,229
com_0021.jpg,659,371,combankText,7,226,104,244
com_0021.jpg,659,371,combankText,55,149,155,167
com_0021.jpg,659,371,combankText,7,52,213,85
in_0013.jpg,700,537,inbankText,298,78,552,127
in_0013.jpg,700,537,inbankLogo,544,42,607,102
in_0013.jpg,700,537,inbankText,553,243,604,256
com_0062.jpg,2048,1360,combankLogo,1545,220,1607,283
com_0062.jpg,2048,1360,combankText,1391,277,1627,310
in_0029.jpg,500,300,inbankText,135,161,370,209
in_0018.jpg,710,400,inbankLogo,178,102,200,123
in_0018.jpg,710,400,inbankText,95,109,180,130
airline_0061.jpg,700,424,airlineText,454,246,552,257
airline_0061.jpg,700,424,airlineLogo,56,185,127,240
airline_0061.jpg,700,424,airlineLogo,419,242,441,255
airline_0061.jpg,700,424,airlineLogo,551,246,573,259
com_0098.jpg,600,400,combankText,16,41,116,62
com_0098.jpg,600,400,combankLogo,80,20,108,47
airline_0049.jpg,679,462,airlineLogo,39,143,148,244
com_0028.jpg,600,450,combankLogo,173,37,219,83
com_0028.jpg,600,450,combankText,55,78,236,107
in_0100.jpg,480,432,inbankLogo,287,16,318,48
in_0100.jpg,480,432,inbankText,181,35,292,59
com_0134.jpg,500,276,combankText,52,71,121,83
in_0120.jpg,450,620,inbankLogo,280,121,303,143
in_0120.jpg,450,620,inbankText,146,96,280,162
com_0050.jpg,650,423,combankLogo,443,63,476,96
com_0050.jpg,650,423,combankText,352,88,488,117
com_0068.jpg,1280,720,combankText,641,55,1127,134
com_0068.jpg,1280,720,combankLogo,1121,10,1240,123
in_0093.jpg,640,384,inbankText,347,48,538,95
in_0093.jpg,640,384,inbankLogo,534,23,588,75
in_0053.jpg,450,328,inbankText,317,1,441,29
airline_0094.jpg,710,400,airlineLogo,96,59,130,95
airline_0094.jpg,710,400,airlineText,129,72,269,157
airline_0094.jpg,710,400,airlineLogo,607,147,699,262
in_0119.jpg,1600,900,inbankText,622,288,951,393
in_0119.jpg,1600,900,inbankLogo,943,297,1021,378
com_0110.jpg,1600,865,combankText,185,76,875,311
com_0031.jpg,450,250,combankText,264,186,430,226
in_0136.jpg,640,373,inbankLogo,99,13,128,43
in_0136.jpg,640,373,inbankText,1,27,102,51
in_0040.jpg,526,296,inbankText,170,194,311,218
in_0040.jpg,526,296,inbankLogo,305,181,344,209
com_0136.jpg,700,400,combankText,484,317,684,354
airline_0144.jpg,890,560,airlineText,17,241,225,286
airline_0144.jpg,890,560,airlineLogo,96,156,207,241
com_0019.jpg,710,400,combankText,6,11,142,31
in_0025.jpg,600,364,inbankText,252,111,473,158
in_0025.jpg,600,364,inbankLogo,468,83,527,139
in_0076.jpg,670,350,inbankLogo,377,85,407,112
in_0076.jpg,670,350,inbankText,277,101,380,124
com_0052.jpg,1135,714,combankText,517,132,906,210
com_0052.jpg,1135,714,combankLogo,767,50,873,148
in_0058.jpg,642,960,inbankLogo,316,147,365,197
in_0058.jpg,642,960,inbankText,139,172,322,210
airline_0075.jpg,480,360,airlineText,61,61,281,190
airline_0126.jpg,660,371,airlineText,291,163,361,179
com_0078.jpg,560,314,combankText,260,65,392,85
com_0016.jpg,650,451,combankLogo,473,1,563,85
com_0016.jpg,650,451,combankLogo,232,187,268,221
com_0016.jpg,650,451,combankLogo,96,178,111,195
com_0016.jpg,650,451,combankText,37,183,98,198
com_0016.jpg,650,451,combankText,112,23,467,86
com_0016.jpg,650,451,combankText,403,185,516,206
in_0011.jpg,400,455,inbankText,169,302,240,320
in_0011.jpg,400,455,inbankLogo,238,295,259,314
in_0069.png,1600,836,inbankText,653,347,1062,430
airline_0134.jpg,600,338,airlineText,57,19,178,35
in_0084.jpg,440,275,inbankText,39,249,78,272
in_0084.jpg,440,275,inbankLogo,80,253,92,269
in_0047.jpg,650,370,inbankLogo,216,16,268,64
in_0047.jpg,650,370,inbankText,22,41,221,83
com_0114.png,620,360,combankLogo,260,19,286,46
com_0114.png,620,360,combankLogo,160,196,190,221
com_0114.png,620,360,combankLogo,535,15,562,42
com_0114.png,620,360,combankText,164,28,260,53
com_0114.png,620,360,combankText,440,24,538,49
com_0114.png,620,360,combankText,68,203,164,221
com_0114.png,620,360,combankText,332,210,430,232
com_0114.png,620,360,combankLogo,427,203,456,228
airline_0102.jpg,450,336,airlineText,218,109,322,136
in_0008.jpg,900,900,inbankLogo,695,281,865,445
in_0008.jpg,900,900,inbankText,49,373,706,510
airline_0010.jpg,1280,853,airlineLogo,351,287,438,341
airline_0010.jpg,1280,853,airlineText,431,292,850,403
airline_0015.jpg,900,600,airlineText,470,288,525,336
airline_0015.jpg,900,600,airlineLogo,523,325,537,344
airline_0063.jpg,459,306,airlineText,141,106,217,127
airline_0063.jpg,459,306,airlineLogo,319,92,342,134
in_0067.jpg,640,480,inbankText,1,351,304,428
in_0067.jpg,640,480,inbankLogo,41,65,252,331
in_0067.jpg,640,480,combankLogo,321,7,595,392
in_0067.jpg,640,480,combankText,317,393,640,454
in_0046.png,600,449,inbankText,290,67,446,114
in_0046.png,600,449,inbankLogo,436,38,483,78
in_0016.jpg,600,425,inbankLogo,342,137,389,191
in_0016.jpg,600,425,inbankText,48,115,352,200
airline_0110.jpg,400,282,airlineText,301,81,400,99
airline_0011.jpg,750,464,airlineText,282,210,548,244
airline_0011.jpg,750,464,airlineLogo,212,197,283,243
airline_0025.png,550,339,airlineText,324,194,395,224
airline_0025.png,550,339,airlineLogo,394,204,412,223
airline_0076.jpg,638,359,airlineText,33,34,291,80
airline_0076.jpg,638,359,airlineText,523,93,599,104
com_0093.jpg,420,278,combankText,52,129,308,194
in_0085.jpg,570,320,inbankLogo,255,63,295,107
in_0085.jpg,570,320,inbankText,72,74,253,123
in_0030.jpg,700,481,inbankText,302,40,386,65
in_0030.jpg,700,481,inbankLogo,380,25,404,48
airline_0069.jpg,3412,1920,airlineText,1850,1042,2247,1116
airline_0069.jpg,3412,1920,airlineLogo,2257,1035,2352,1101
airline_0057.png,700,150,airlineText,150,38,574,91
airline_0057.png,700,150,airlineLogo,37,18,152,97
airline_0080.jpg,1920,1099,airlineText,835,405,1128,545
airline_0080.jpg,1920,1099,airlineLogo,782,395,886,504
airline_0136.jpg,1024,576,airlineLogo,98,190,198,265
airline_0136.jpg,1024,576,airlineText,599,275,792,301
airline_0136.jpg,1024,576,airlineLogo,791,276,834,299
airline_0113.jpg,842,466,airlineText,178,205,699,265
airline_0113.jpg,842,466,airlineLogo,51,185,176,277
airline_0031.jpg,1024,683,airlineLogo,86,119,229,218
airline_0031.jpg,1024,683,airlineLogo,827,186,862,206
airline_0031.jpg,1024,683,airlineText,638,190,823,213
in_0083.jpg,500,272,inbankText,194,61,349,92
com_0043.png,1600,838,combankLogo,996,306,1143,441
com_0043.png,1600,838,combankText,600,427,1204,513
airline_0111.jpg,640,426,airlineText,246,22,363,40
airline_0111.jpg,640,426,airlineLogo,278,1,333,24
in_0031.jpg,1024,681,inbankLogo,444,97,538,206
in_0031.jpg,1024,681,inbankText,25,109,451,225
in_0021.jpg,1000,651,inbankLogo,365,119,418,182
in_0021.jpg,1000,651,inbankText,146,136,376,197
airline_0121.jpg,630,419,airlineText,42,153,218,178
airline_0121.jpg,630,419,airlineLogo,95,108,170,154
in_0002.jpg,600,300,inbankLogo,466,67,583,180
in_0002.jpg,600,300,inbankText,25,129,472,223
com_0044.png,730,430,combankText,1,58,90,75
com_0044.png,730,430,combankLogo,49,34,76,57
in_0080.jpg,1607,1299,inbankLogo,1016,126,1108,228
in_0080.jpg,1607,1299,inbankLogo,426,34,536,172
in_0080.jpg,1607,1299,inbankText,134,137,437,274
in_0080.jpg,1607,1299,inbankText,639,129,1023,258
airline_0118.jpg,1010,647,airlineText,641,60,985,110
airline_0118.jpg,1010,647,airlineLogo,553,45,639,105
airline_0118.jpg,1010,647,combankText,130,57,435,110
airline_0146.png,600,314,airlineText,158,260,331,286
com_0026.png,0,0,combankText,6,228,396,279
in_0026.jpg,500,269,inbankText,353,49,467,79
in_0026.jpg,500,269,inbankText,311,156,481,188
in_0026.jpg,500,269,inbankLogo,464,34,497,66
com_0058.jpg,600,400,combankText,363,37,559,80
com_0030.jpg,400,400,combankLogo,147,1,210,54
airline_0101.jpg,600,389,airlineText,120,143,377,243
airline_0101.jpg,600,389,airlineLogo,220,108,336,177
in_0146.jpg,700,438,inbankLogo,376,228,409,262
in_0146.jpg,700,438,inbankText,252,242,377,272
in_0049.jpg,0,0,inbankLogo,263,6,301,44
in_0049.jpg,0,0,inbankText,128,26,266,56
com_0072.jpg,704,525,combankLogo,442,118,643,317
com_0072.jpg,704,525,combankText,87,319,284,359
airline_0001.png,790,444,airlineText,83,256,648,337
airline_0001.png,790,444,airlineLogo,243,97,490,248
airline_0084.jpg,600,320,airlineText,344,122,442,137
airline_0084.jpg,600,320,airlineLogo,441,119,468,136
com_0037.jpg,849,636,combankText,438,477,533,514
com_0037.jpg,849,636,combankLogo,493,461,523,484
airline_0103.jpg,600,450,airlineText,153,168,407,259
airline_0103.jpg,600,450,airlineLogo,406,153,462,189
in_0063.jpg,260,162,inbankText,99,23,237,53
in_0063.jpg,260,162,inbankLogo,228,3,258,29
in_0063.jpg,260,162,combankLogo,179,77,234,129
in_0063.jpg,260,162,combankText,34,126,258,158
com_0131.jpg,700,446,combankLogo,445,290,464,316
com_0131.jpg,700,446,combankText,388,314,474,338
com_0070.jpg,500,500,combankText,65,131,190,151
com_0070.jpg,500,500,combankLogo,147,105,177,133
airline_0112.jpg,800,600,airlineLogo,250,94,287,120
airline_0112.jpg,800,600,airlineText,286,98,422,121
com_0061.jpg,660,337,combankText,131,125,285,154
com_0061.jpg,660,337,combankText,64,63,151,79
com_0061.jpg,660,337,combankText,550,63,638,110
com_0061.jpg,660,337,combankLogo,283,112,320,151
com_0061.jpg,660,337,combankLogo,534,1,577,68
in_0099.jpg,700,393,inbankLogo,426,48,458,88
com_0040.jpg,1280,720,combankText,96,89,414,146
airline_0116.jpg,2676,512,airlineLogo,109,44,561,353
airline_0116.jpg,2676,512,airlineText,559,132,2253,375
airline_0022.jpg,1000,512,airlineText,348,274,450,331
airline_0022.jpg,1000,512,airlineLogo,506,262,545,329
airline_0022.jpg,1000,512,airlineLogo,330,274,353,301
in_0128.jpg,400,400,inbankLogo,331,107,374,148
in_0128.jpg,400,400,inbankText,176,127,331,158
com_0053.jpg,750,450,combankText,583,122,743,160
com_0133.jpg,800,600,combankText,457,292,513,306
com_0133.jpg,800,600,combankText,96,372,154,392
com_0133.jpg,800,600,combankLogo,512,288,530,305
com_0133.jpg,800,600,combankLogo,154,369,169,384
com_0146.jpg,600,459,combankLogo,113,36,437,341
com_0146.jpg,600,459,combankText,100,361,522,428
airline_0054.jpg,550,366,airlineText,371,128,549,166
airline_0054.jpg,550,366,airlineLogo,402,40,485,121
airline_0147.jpg,650,392,airlineText,445,115,650,182
airline_0147.jpg,650,392,airlineLogo,215,194,255,232
airline_0147.jpg,650,392,airlineLogo,361,211,383,229
airline_0147.jpg,650,392,airlineLogo,557,237,618,289
airline_0147.jpg,650,392,airlineLogo,257,285,272,298
in_0092.jpg,800,600,inbankLogo,671,91,736,157
in_0092.jpg,800,600,inbankText,430,123,678,186
in_0045.png,600,356,inbankText,364,53,403,65
in_0045.png,600,356,inbankLogo,403,48,415,60
in_0045.png,600,356,inbankText,408,311,572,348
in_0050.jpg,650,423,inbankText,439,130,527,161
in_0050.jpg,650,423,inbankLogo,523,106,555,143
airline_0023.jpg,1080,843,airlineLogo,372,266,401,290
airline_0023.jpg,1080,843,airlineText,407,314,532,330
airline_0023.jpg,1080,843,airlineText,792,272,887,289
airline_0023.jpg,1080,843,airlineLogo,764,267,791,289
airline_0023.jpg,1080,843,airlineText,440,281,538,298
airline_0023.jpg,1080,843,airlineLogo,536,283,563,300
com_0116.jpg,600,440,combankText,204,256,456,301
com_0116.jpg,600,440,combankLogo,283,152,374,234
com_0066.jpg,650,467,combankText,156,1,323,78
airline_0024.png,637,399,airlineLogo,223,207,245,233
airline_0024.png,637,399,airlineText,240,206,309,231
com_0049.jpg,710,518,combankText,220,109,504,156
com_0049.jpg,710,518,combankLogo,92,130,135,168
com_0049.jpg,710,518,combankLogo,323,25,393,90
airline_0143.jpg,600,400,airlineLogo,35,128,70,160
com_0042.jpg,450,458,combankLogo,375,275,405,310
airline_0086.jpg,600,316,airlineLogo,301,148,337,169
airline_0086.jpg,600,316,airlineText,266,171,358,188
airline_0120.jpg,282,179,airlineText,171,15,262,29
airline_0120.jpg,282,179,airlineLogo,148,11,171,31
airline_0120.jpg,282,179,combankText,35,15,121,28
airline_0120.jpg,282,179,combankLogo,7,9,33,35
com_0147.jpg,529,218,combankText,79,106,438,162
com_0147.jpg,529,218,combankLogo,316,30,402,118
com_0081.jpg,821,462,combankText,149,41,476,94
com_0081.jpg,821,462,combankText,346,88,504,114
com_0081.jpg,821,462,combankLogo,501,64,548,108
com_0127.jpg,600,450,combankText,15,48,199,80
com_0127.jpg,600,450,combankLogo,424,27,493,92
in_0066.jpg,710,400,inbankLogo,440,264,489,296
in_0066.jpg,710,400,inbankText,265,275,448,310
com_0065.jpg,660,360,combankText,208,145,399,181
in_0048.jpg,260,162,inbankText,47,26,213,59
in_0048.jpg,260,162,inbankLogo,211,3,257,44
in_0124.jpg,700,525,inbankText,398,126,473,156
in_0124.jpg,700,525,inbankLogo,473,122,495,146
com_0009.jpg,670,350,combankLogo,290,93,345,148
com_0009.jpg,670,350,combankText,248,164,397,189
airline_0124.jpg,1024,576,airlineLogo,276,137,344,195
airline_0124.jpg,1024,576,airlineText,366,275,471,318
airline_0107.jpg,1980,1320,airlineLogo,678,167,798,250
airline_0107.jpg,1980,1320,airlineText,793,185,1220,244
com_0011.jpg,670,350,combankLogo,527,90,599,175
com_0011.jpg,670,350,combankText,156,98,530,172
com_0011.jpg,670,350,combankText,270,185,335,200
com_0011.jpg,670,350,combankText,517,189,574,203
com_0011.jpg,670,350,combankText,114,197,166,207
com_0011.jpg,670,350,combankLogo,428,195,453,220
airline_0008.jpg,660,440,airlineLogo,290,165,335,198
airline_0008.jpg,660,440,airlineText,160,168,295,225
com_0102.jpg,800,727,combankLogo,506,263,556,327
com_0102.jpg,800,727,combankText,274,259,511,329
in_0112.jpg,440,282,inbankLogo,217,157,233,176
in_0112.jpg,440,282,inbankLogo,234,9,253,37
in_0112.jpg,440,282,inbankText,140,15,234,50
in_0112.jpg,440,282,inbankText,157,163,218,182
airline_0044.jpg,550,322,airlineLogo,354,133,398,162
airline_0044.jpg,550,322,airlineText,237,141,355,165
in_0137.jpg,588,320,inbankText,258,118,344,138
in_0137.jpg,588,320,inbankLogo,343,107,364,129
in_0001.jpg,720,330,inbankText,6,139,629,265
in_0001.jpg,720,330,inbankLogo,594,49,712,171
airline_0018.jpg,645,225,airlineText,418,117,518,137
airline_0018.jpg,645,225,airlineLogo,519,120,540,133
com_0122.jpg,600,375,combankText,90,96,297,131
com_0122.jpg,600,375,combankLogo,225,38,281,97
airline_0068.jpg,630,419,airlineText,340,258,424,280
airline_0068.jpg,630,419,airlineLogo,426,256,445,276
in_0121.jpg,670,350,inbankText,299,105,399,132
in_0121.jpg,670,350,inbankLogo,400,89,430,117
airline_0005.jpg,720,450,airlineText,448,212,551,247
airline_0005.jpg,720,450,airlineLogo,552,221,576,242
in_0145.jpg,480,441,inbankText,188,62,342,90
in_0145.jpg,480,441,inbankLogo,340,33,386,70
airline_0042.jpg,740,200,airlineLogo,74,48,151,108
airline_0042.jpg,740,200,airlineLogo,583,108,613,131
airline_0042.jpg,740,200,airlineLogo,449,156,477,174
airline_0042.jpg,740,200,airlineText,440,112,581,131
airline_0082.jpg,1168,606,airlineText,710,276,923,311
airline_0082.jpg,1168,606,airlineLogo,245,158,338,264
airline_0082.jpg,1168,606,airlineLogo,920,274,980,308
in_0097.jpg,700,464,inbankLogo,257,86,292,130
in_0097.jpg,700,464,inbankText,101,97,262,145
airline_0095.png,650,364,airlineLogo,436,126,466,147
airline_0095.png,650,364,airlineText,337,125,438,150
com_0119.png,600,344,combankText,61,14,187,36
com_0119.png,600,344,combankLogo,19,6,52,44
com_0143.jpg,565,364,combankLogo,242,65,262,106
com_0143.jpg,565,364,combankText,141,37,244,107
airline_0017.jpg,540,378,airlineText,296,192,346,211
airline_0017.jpg,540,378,airlineLogo,344,189,355,197
airline_0017.jpg,540,378,airlineText,375,70,407,90
com_0126.jpg,650,428,combankText,228,11,453,54
com_0125.png,1024,589,combankText,146,54,253,71
com_0125.png,1024,589,combankLogo,215,32,240,59
in_0096.jpg,650,407,inbankText,37,69,206,111
in_0096.jpg,650,407,inbankLogo,201,53,242,96
in_0125.jpg,500,404,inbankLogo,161,94,189,120
in_0125.jpg,500,404,inbankText,60,84,162,129
in_0035.png,518,302,inbankText,139,16,225,37
in_0035.png,518,302,inbankText,136,170,229,192
in_0035.png,518,302,inbankText,280,173,336,188
in_0035.png,518,302,inbankText,280,14,340,31
in_0035.png,518,302,inbankLogo,222,4,249,28
in_0035.png,518,302,inbankLogo,224,160,249,182
com_0149.jpg,614,365,combankLogo,442,7,576,135
com_0149.jpg,614,365,combankText,68,121,612,201
airline_0033.jpg,827,343,airlineText,395,134,545,153
airline_0033.jpg,827,343,airlineText,547,225,627,250
airline_0033.jpg,827,343,airlineText,650,19,766,42
airline_0033.jpg,827,343,airlineLogo,616,16,650,40
airline_0033.jpg,827,343,airlineLogo,623,223,647,246
airline_0074.png,514,300,airlineText,341,28,404,61
airline_0074.png,514,300,airlineLogo,442,29,463,64
com_0099.jpg,621,465,combankLogo,197,97,261,156
com_0099.jpg,621,465,combankText,140,176,317,204
in_0143.jpg,700,431,inbankText,318,174,405,194
in_0143.jpg,700,431,inbankLogo,402,159,426,184
in_0071.jpg,800,600,inbankLogo,205,5,255,80
in_0071.jpg,800,600,inbankLogo,700,95,736,160
in_0071.jpg,800,600,inbankText,65,70,211,178
in_0071.jpg,800,600,inbankText,140,262,224,301
in_0071.jpg,800,600,inbankText,546,38,708,173
in_0074.jpg,500,347,inbankText,354,146,456,171
in_0074.jpg,500,347,inbankLogo,455,126,487,158
airline_0132.jpg,638,359,airlineText,54,68,314,109
airline_0115.jpg,640,202,airlineText,133,71,537,128
airline_0115.jpg,640,202,airlineLogo,28,51,135,126
in_0073.jpg,650,423,inbankText,347,213,456,244
com_0008.jpg,651,372,combankText,321,46,567,88
com_0008.jpg,651,372,combankLogo,563,23,625,82
airline_0142.jpg,600,375,airlineText,1,197,108,226
airline_0142.jpg,600,375,airlineLogo,28,152,78,197
airline_0064.jpg,480,360,airlineLogo,35,176,68,196
airline_0064.jpg,480,360,airlineLogo,129,217,172,246
airline_0064.jpg,480,360,airlineText,70,170,247,194
com_0132.jpg,333,478,combankLogo,217,21,271,75
com_0132.jpg,333,478,combankText,68,69,293,106
com_0067.jpg,565,369,combankText,221,13,373,77
com_0067.jpg,565,369,combankLogo,369,31,399,77
com_0067.jpg,565,369,combankText,129,129,174,144
com_0067.jpg,565,369,combankText,267,136,301,149
airline_0125.jpg,650,488,airlineLogo,301,249,344,277
airline_0125.jpg,650,488,airlineText,181,260,304,301
airline_0123.jpg,600,400,airlineText,56,27,210,47
airline_0123.jpg,600,400,airlineText,289,106,581,133
airline_0123.jpg,600,400,airlineText,443,185,540,230
airline_0123.jpg,600,400,airlineLogo,15,19,58,47
airline_0123.jpg,600,400,airlineLogo,539,177,559,193
in_0055.jpg,600,450,inbankLogo,338,186,363,214
in_0055.jpg,600,450,inbankText,235,204,342,225
com_0097.jpg,500,332,combankText,37,144,247,191
airline_0079.jpg,640,434,airlineLogo,242,138,276,172
airline_0079.jpg,640,434,airlineLogo,518,98,568,206
airline_0079.jpg,640,434,airlineText,264,145,373,197
in_0105.jpg,500,334,inbankText,208,165,257,175
in_0034.jpg,736,270,inbankLogo,672,17,706,51
in_0034.jpg,736,270,inbankText,550,33,675,64
in_0034.jpg,736,270,inbankText,34,73,191,107
airline_0109.png,1920,711,airlineLogo,919,18,995,70
airline_0109.png,1920,711,airlineText,993,27,1271,70
com_0060.png,210,210,combankText,121,67,210,88
in_0098.jpg,640,426,inbankText,306,101,403,131
in_0098.jpg,640,426,inbankLogo,400,74,438,117
in_0108.jpg,210,210,inbankLogo,75,42,97,65
airline_0038.jpg,700,197,airlineText,403,39,449,75
com_0083.png,800,510,combankLogo,379,99,450,164
com_0083.png,800,510,combankText,299,179,518,219
com_0138.jpg,2000,1211,combankText,811,9,1592,178
com_0091.jpg,480,320,combankLogo,267,29,293,54
com_0091.jpg,480,320,combankText,180,37,270,55
airline_0041.jpg,945,709,airlineText,254,326,723,392
airline_0041.jpg,945,709,airlineLogo,139,310,253,390
in_0133.jpg,1000,570,inbankText,614,120,754,157
in_0133.jpg,1000,570,inbankLogo,751,101,794,141
airline_0051.jpg,640,427,airlineText,153,148,214,185
airline_0051.jpg,640,427,airlineText,227,227,271,263
com_0111.jpg,500,300,combankText,185,37,298,54
com_0111.jpg,500,300,combankLogo,258,10,291,40
airline_0114.png,1345,445,airlineLogo,326,114,538,250
airline_0114.png,1345,445,airlineText,185,256,677,324
airline_0043.jpg,1024,681,airlineText,168,120,489,156
airline_0043.jpg,1024,681,airlineLogo,485,112,561,152
in_0115.jpg,665,493,inbankLogo,574,79,601,108
in_0115.jpg,665,493,inbankText,477,96,576,119
airline_0150.jpg,650,438,airlineText,445,140,539,211
airline_0150.jpg,650,438,airlineLogo,460,145,504,185
airline_0081.jpg,1200,819,airlineLogo,231,335,298,384
airline_0081.jpg,1200,819,airlineText,288,343,550,402
in_0138.jpg,700,384,inbankLogo,522,44,580,104
in_0138.jpg,700,384,inbankText,309,79,522,121
airline_0062.jpg,800,533,airlineText,520,61,601,132
airline_0062.jpg,800,533,airlineLogo,594,45,616,67
com_0129.jpg,1200,527,combankLogo,203,1,253,45
com_0129.jpg,1200,527,combankText,4,7,204,45
in_0102.jpg,700,355,inbankLogo,518,20,549,45
in_0102.jpg,700,355,inbankText,370,125,490,147
in_0102.jpg,700,355,inbankText,404,32,521,56
airline_0133.jpg,478,295,airlineLogo,241,57,284,78
airline_0072.jpg,1100,353,airlineText,463,132,616,164
airline_0072.jpg,1100,353,airlineLogo,536,107,580,132
in_0103.jpg,600,330,inbankText,350,57,520,98
in_0103.jpg,600,330,inbankLogo,514,34,561,79
com_0104.png,0,0,combankLogo,856,79,910,126
com_0104.png,0,0,combankText,724,120,925,152
com_0104.png,0,0,combankText,136,41,311,76
in_0130.jpg,800,243,inbankLogo,331,35,363,65
in_0130.jpg,800,243,inbankText,225,49,334,79
in_0104.jpg,700,456,inbankLogo,626,45,695,107
in_0104.jpg,700,456,inbankText,443,108,664,273
com_0022.jpg,650,439,combankText,10,160,125,180
com_0022.jpg,650,439,combankLogo,85,131,116,162
in_0028.jpg,1000,666,inbankText,510,343,569,363
in_0028.jpg,1000,666,inbankText,274,168,545,280
in_0028.jpg,1000,666,inbankLogo,536,135,605,249
in_0028.jpg,1000,666,inbankLogo,566,327,585,351
airline_0009.jpg,450,299,airlineText,208,157,303,169
airline_0009.jpg,450,299,airlineLogo,305,154,328,165
com_0130.jpg,640,421,combankText,85,79,356,141
com_0130.jpg,640,421,combankText,487,329,553,341
com_0130.jpg,640,421,combankLogo,257,26,326,90
com_0130.jpg,640,421,combankLogo,528,311,545,331
com_0130.jpg,640,421,combankLogo,290,296,318,323
com_0139.jpg,1135,714,combankText,357,57,693,125
com_0139.jpg,1135,714,combankLogo,686,21,777,103
in_0062.jpg,500,453,inbankText,78,10,249,44
airline_0060.png,1024,668,airlineText,505,331,747,354
com_0001.png,700,400,combankText,46,154,541,229
com_0001.png,700,400,combankLogo,534,112,649,225
com_0045.png,0,0,combankText,1,126,499,197
com_0045.png,0,0,combankLogo,331,21,448,133
com_0089.jpg,710,400,combankLogo,368,19,393,43
com_0089.jpg,710,400,combankLogo,96,150,120,176
com_0003.jpg,821,462,combankText,34,224,763,383
com_0003.jpg,821,462,combankLogo,266,1,493,150
airline_0027.jpg,400,400,airlineText,59,341,342,378
airline_0027.jpg,400,400,airlineText,126,126,175,150
airline_0027.jpg,400,400,airlineLogo,139,261,262,335
airline_0027.jpg,400,400,airlineLogo,199,121,216,148
airline_0131.jpg,640,357,airlineLogo,413,147,460,178
com_0107.jpg,1500,1000,combankText,447,300,967,379
com_0107.jpg,1500,1000,combankLogo,960,236,1103,378
airline_0053.jpg,640,426,airlineLogo,231,100,269,122
airline_0053.jpg,640,426,airlineText,267,103,419,142
airline_0117.jpg,720,540,airlineText,259,33,395,62
airline_0117.jpg,720,540,airlineLogo,219,27,259,57
com_0080.jpg,620,250,combankText,67,229,246,250
com_0004.jpg,700,438,combankLogo,367,82,482,199
com_0004.jpg,700,438,combankText,239,213,594,314
airline_0097.jpg,640,392,airlineLogo,438,150,458,165
airline_0097.jpg,640,392,airlineText,357,154,437,176
in_0004.jpg,600,309,inbankLogo,575,4,599,29
in_0004.jpg,600,309,inbankText,485,16,578,40
in_0004.jpg,600,309,inbankText,69,84,140,104
in_0004.jpg,600,309,inbankText,367,144,503,171
airline_0091.jpg,1024,683,airlineText,508,278,820,328
airline_0091.jpg,1024,683,airlineLogo,439,277,508,321
in_0052.jpg,640,405,inbankText,396,84,531,122
in_0052.jpg,640,405,inbankLogo,529,55,577,98
in_0144.jpg,840,400,inbankLogo,700,22,726,46
in_0144.jpg,840,400,inbankText,607,40,702,57
